{
  "Teacher Resumes": "Being a teacher in Australia is a highly rewarding career choice as there is always a high demand for high quality, well qualified teaching professionals around the country. However, to achieve a permanent education or relief teaching role it is also a highly competitive industry for both new education graduates and experienced teachers applying for employment. At Exceptional Study Australia we offer a team of existing and experienced teachers and recruiters who specialise in writing education industry based resumes and employment applications. Our resumes are targeted at supporting teachers, trainers, educators and tutors within the education industry. Although many jobseekers may hold a certificate, diploma, advanced diploma, bachelor’s degree, master’s degree or PHD in an education related field it is vital that our jobseekers are effectively promoted in a detailed, honest and well-written manner in order to capture their love of education, their skills, their educational background, their experience history and every other important attribute they bring to the education industry.",

  "About our Director": "Exceptional Tuition and Resumes was proudly founded by award winning Gold Coast entrepreneur, academic, HR professional and careers speaker, Monique Jeremiah in 2010. As a relationship and results driven professional with an undeniable passion for education and employment, Monique started the company in order to help university students and jobseekers to achieve a competitive advantage in the employment market. Coming from a family of nurses and well-educated professionals, she recognised the need to develop a resume writing service dedicated to helping nurses, university and RTO graduates and construction workers to promote themselves effectively and achieve a well written employment application. With a community driven spirit, Monique also highly values the skills of nurses and construction workers and what they bring to society. Equipped with a Bachelor of Business (majoring in human resources and industrial relations), a",
  "About our Resume Writing Services": "As a specialist employment agency Exceptional Study Australia can help you in creating new resumes, updating existing resumes, writing professional cover letters, creating responses to selection criteria, writing suitability statements or developing an effective LinkedIn profile to help you promote yourself to prospective employers. Overall it is our ambition to help nurses and construction workers to achieve interviews through working with our clients individually, understanding their personal needs,",
  "About our Resume Writing Process": "Step 1 : Choose the Individual Service or Package you require Step 2 : Send us an email including the following details: Your selection, a copy of your old resume (if applicable) and a copy of your job description and selection criteria (if applying for an advertised position) Your contact details, including your full name, address, email address and mobile and home number.",
  "About Exceptional Study Australia": "OUR MISSION Exceptional Study Australia is a high performance and community driven education and employment agency committed to helping all university graduates, teachers and international nurses to develop highly professional resumes and employment applications. We also are focused on carefully assisting internationally trained nurses and potential international students who wish to become future nurses in Australia to enrol in quality nursing courses and degrees in Australia in order to pursue their nursing career.  At Exceptional Study Australia it is our mission to “create exceptional employment outcomes for university graduates, teachers and international nurses. “  Therefore all of our writers are highly trained in resume writing, qualified with a minimum Bachelor’s degree and come from various backgrounds. Together, we strive to be exceptional as a team and to produce high quality resumes, cover letters, LinkedIn profiles, selection criteria and suitability statements for every client who comes to our business. Our resume writers also undergo intensive coaching and training by our director to ensure consistency in employment applications and to ensure that all of our clients receive exceptional service and excellence in their experience with Exceptional Study Australia.  Giving back to the Community Exceptional Study Australia prides itself on being one of the leading companies in Australia’s dedicated to supporting students and jobseekers in the international education, university and recruitment industry. Therefore, as a company dedicated to helping our clients in promoting themselves to prospective employers, we always aim to provide as many meaningful training, mentoring and job opportunities as possible for local and international students whilst in university. As a socially focused company passionate about education and employment, we are also open to supporting various community and business events and groups that have a positive impact on students and job seekers. We are open to engage in possible sponsorship, mentorship and guest speaking for student clubs, societies, university and college faculties and any other education program.  Exceptional Customer Service At Exceptional Study Australia, we are a people business. Therefore we treat all of our team members and clients with utmost kindness, care and respect in all interactions. We aim to provide exceptional customer service from start to finish of our resume or education process. It is our goal to entirely achieve a positive customer experience through being responsive, understanding and maintaining integrity in all that we do.",
  "FAQ / LINKS": "About resume writing ​What employers look for in a resume? Your resume is an essential promotional tool to help you apply for any graduate program, agency role, full-time job or other work project. Therefore it should always be honest, well detailed and capture you as a jobseeker in the most positive light. Font should be reasonably sized, easy to read, and have a normal size margin. Words should be highly targeted and specific to your profession. Only relevant information should also be included in your resume. Employers also appreciate an aesthetically appealing resume without all the gimmicks. A direct, straight to the point resume achieves best results always.​  What are the benefits of a professionally written resume? ​ An effective resume will:  Help you to stand out from the other applicants, increasing your chances of achieving your dream job Will be read from start to finish if kept to an appropriate length and formatting is easy on the eye Will give you a competitive advantage in the job market Will ensure that employers can see your potential and recognise your talent or ability to be trained in new and existing areas Will outlines your key characteristics and skills which will be valued and relevant to specific employers ​ Why choose Exceptional Tuition and Resumes? ​ We tailor make our resumes and other employment documents to present you to be the perfect candidate for your desired position By having connections with many professional partners, we can ensure the language used matches the industry you wish to work in We provide a professional resume that stands out and looks visually appealing to catch the recruiters eye quickly Our jobseekers are our priority and we are happy when you are happy We are able to meet deadlines to ensure you are able to apply for jobs on time What is LinkedIn? ​ LinkedIn is a social networking website for people in professional occupations It is the largest professional networking site with millions of members You are able to create a professional profile, which is your online resume This site enables you to build networks with a range of professionals Provides to opportunity to learn about your industry and able to learn about various career options How can you use LinkedIn to Find a Job? By connecting with many professionals, this site gives you opportunity to contact them about prospective jobs You are able to join groups in regards to specific companies giving you the opportunity to be one of the first to know about vacant jobs There is also a job tab on LinkedIn where you can write a specific job you are looking for It is also helpful to find out who to address cover letters to by typing in the company and finding their recruiter or the Human Resources Manager and provide a means of contacting them before submitting your job application ​ What can you include in a LinkedIn profile? ​ Provide a background or summary of your work history and what job or industry you are looking to work in Past education and even the subjects or classes you completed during your studies Places your past work history in chronological order, an online resume Shows a company profile so if recruiters want to witness the company and your past engagement with it Able to displayed your interests, which provides an insight on how you enjoy your free time You can write what you believe your key skills are and others can endorse you for them Can also include up to 50 groups that you can be apart of whether this is company group or industry advice groups ​ How can jobseekers benefit from having a LinkedIn profile? ​ Jobseekers have the opportunity to connect with professionals worldwide ultimately broadening their options for acquiring their dream job By joining various groups this allows jobseekers to connect and contact people to gain advice about their desired job or industry As LinkedIn is an online resume, this provides employers the option to find you making your job seeking adventure less stressful Broaden their awareness of companies which are recruiting Make contacts with potential recruiters Ability to find online advertised job through the job tab on LinkedIn Gives opportunity to connect with people who are of influence in a certain company",
  "Contact us": "Thank you very much for your interest in Exceptional Study Australia. If you would like to organise any resume writing with us or would like any more information about what we do, please feel free to contact us via any of following methods: Phone / Text: 0447 840 939 Email: exceptionalstudyaustralia@gmail.com Office Hours: Monday – Friday 9am – 6pm / Saturday 9am - 3pm ​ Connect With Us on Social Media ​ Facebook: https://www.facebook.com/exceptionalstudyaustralia/  Twitter: https://twitter.com/ExceptionalAust  Instagram: https://www.instagram.com/exceptional_study_australia/?hl=en  LinkedIn: https://au.linkedin.com/company/exceptional-study-australia  Youtube: https://www.youtube.com/channel/UCa1502fgXTAEJ_ah4wa64Dw",
  "MEDIA / AWARDS": "For our media and awards activities please LIKE Exceptional Study Australia on Facebook or FOLLOW Exceptional Study Australia on LinkedIn or Instagram.",
  "BLOG": "Articles for university graduates: Where to find graduate entry level jobs in Australia, Where to find graduate programs in Australia, How to gain work experience as a new graduate in Australia, How to gain an internship before you graduate from university, Where to apply for work if you have missed out on a graduate program, How to write an effective graduate LinkedIn profile How to boost your resume as a university graduate without experience Employment options for new graduates How to find a good career mentor as a new graduate  Articles for international nurses How to become an Assistant in Nursing (AIN) in Australia How to become an Enrolled Nurse (AIN) in Australia How to become a Registered Nurse (RN) in Australia How to become a Personal Carer (PC) in Australia Where to find graduate nursing jobs How to gain work experience as a new graduate nurse How to apply for work at a nursing recruitment agency as a new nursing graduate Where to apply for work if you have missed out on a nursing graduate program What to do if you have missed out getting a place in a nursing graduate program?  Australian nursing recruitment agencies list - Visit our Facebook page for regular updates on https://www.facebook.com/exceptionalstudyaustralia/ Common questions interview for a nursing Common selection criteria for nurses Interview tips for Experienced Nurses Interview tips for graduate nurses How to Gain Work Experience as a New Graduate Nurse Where to find Graduate Nursing Jobs Interview Tips for International Nursing Students  Articles for teachers How to apply for a primary school teacher job as a new education graduate in Australia How to apply for a secondary school teacher job as a new education graduate in Australia How to apply for an overseas English teaching job as a new graduate in Australia How to apply for a job as a preschool or kindergarten teacher in Australia How to apply for a teaching / training job in the RTO sector in Australia How to apply for a teaching job in Australian universities",

  "Resume Services for International Nurses": "PROFESSIONAL RESUMES AND COVER LETTERS FOR NURSES At Exceptional Study Australia, we pride ourselves on being expert in assisting international nurses or international students who are studying to be nurses in Australia to write professional nursing resumes and cover letters for a variety of positions in the healthcare industry.  Current Australian Nursing Graduate Programs  Please LIKE Exceptional Study Australia on Facebook or FOLLOW Exceptional Study Australia on LinkedIn for current nursing graduate program details and nursing job opportunities across Australia.  AHPRA (Australia Health Practitioner Regulation Agency) https://www.ahpra.gov.au/  The Australian Health Practitioner Regulation Agency is the national organisation responsible for implementing the National Registration and Accreditation Scheme across Australia, in partnership with the 15 National Boards. Guided by a nationally consistent law, AHPRA and the National Boards work to regulate the health professions in the public interest. This includes registering practitioners who are suitably trained and qualified to provide safe healthcare and investigating concerns about registered health practitioners.  SELECTION CRITERIA AND SUITABILITY STATEMENTS FOR NURSES  At Exceptional Study Australia, we specialise in writing answers for selection criteria for both graduate nurses and experienced nurses.  Why is Selection Criteria Important for Jobseekers?  When answered well, the selection criteria can help employees to:  Demonstrate capability by providing evidence of how you meet the selection criteria Demonstrate competency to deal with certain situations How Can Selection Criteria Help Employers?  It can assist employers by:  Indicating relevant knowledge and skills of their applicants Providing past examples of behaviour and outcomes in certain situations Assessing suitability of candidates How Can You Use Selection Criteria to Sell Yourself as a Jobseeker?  You can use the selection criteria to sell yourself as a jobseeker by:  Setting yourself apart from other candidates Highlighting important knowledge and skills necessary Demonstrating abilities to handle yourself in a variety of nursing situations Providing honest, well thought out and organised responses to clearly communicate that you meet the essential criteria (and desirable criteria). LINKEDIN PROFILES FOR NURSES  At Exceptional Study Australia we can develop your professional LinkedIn profile as a nurse. As the world’s most comprehensive professional network, LinkedIn features more than 200 million members from around the globe comprising of jobseekers, recruiters and businesses in all different industries, including the healthcare industry. As a nurse creating a LinkedIn profile may be a strategic and positive career investment to distinguish you and set you apart from other graduate nurses and experienced nurses in Australia and internationally. To a professional candidate, a properly decorated and written LinkedIn profile can help you create your brand and effectively position yourself for a professional position in the nursing industry. LinkedIn allows you to promote yourself as a nurse online, actively connect with a wide range of professionals, put you in front hundred od healthcare recruiters, hiring managers, nursing agencies and Human Resource executives and allows you to stay in contact with current and former colleagues, employers and other contacts if they are also on LinkedIn. For a nurse, LinkedIn is a hidden gold mine for healthcare employment opportunities and networking.  Exceptional Study Australia provides a professional team to complete LinkedIn profile writing services. We provide a keyword-optimized profile service. Our goal is to develop a comprehensive profile for our jobseekers, achieve a higher ranking on the LinkedIn platform, differentiate our clients from our competitors, and increase our jobseekers’ overall visibility to recruiters and potential employers online.",
  "Become an assistant in nursing (AIN) in Australia": "What is an Assistant in Nursing in Australia? Assistants in Nursing (aka Nursing support workers or AIN) is a job which is lead by registered nurses to deliver limited care to patients. This job needs workers to have strong communication ability, empathy and customer service skills of helping with patient’s daily routines. These routines may be showing, toileting, dressing, eating, mobility and exercise regimes. Being an AIN also requires workers to keep patients’ records for doctors and assist in planning of daily routines for patients. Tasks and duties Assisting patients with their daily personal care needs such as showering, toileting, shaving, oral hygiene, dressing and eating Assisting patients with their mobility and communication needs Following therapy plans such as interventions to assist those with dementia and behavioural problems Observing and reporting changes in patients' condition Assisting with rehabilitation exercises, basic treatment and delivering medications Assisting nursing and midwifery staff with routine technical support functions including setting up for procedures, cleaning equipment and completing basic documentation Maintaining accurate and detailed patient records Building effective relationships with patients through clear communication and empathy Applying simple wound dressings Job Requirements  To become an assistant in nursing you need to compete a qualification in Health Assistance. The minimum qualification level is Certificate III in Health Assistance and that also includes completion of work placement hours consisting of around 120 hours. An assistant in nursing does not need to have completed a Bachelor degree but students who are completing or have already completed a Diploma of Nursing or Bachelor of Nursing can apply for an AIN role.  How to apply for an AIN job  Being an AIN is a fundamental healthcare job in Australia. You can be an AIN in all states in Australia and is highly influenced by a jobseekers’ communication and care abilities because you are not only required to communicate with patients but also communicate with their families and professional doctors. You should also have a strong ability of tolerating unhygienic situations and mess because you will spend a lot of time dealing with patients’ waste and vomitus. Becoming an AIN is often a starting point for many nurse’s careers. It is a great entry point to becoming a future enrolled nurse or registered nurse in future.  Study to become an assistant in nursing in Australia as an international student  Many international students become an AIN as part of their nursing career as it a fairly easy entry level nursing job to apply and enter into if English is your second language. You will commonly be employed in aged care facilities and nursing homes and will work with more senior nurses. It is expected that you will complete a Certificate III in Health Assistance as a minimum prior to becoming an AIN.  Challenges  It is significant that many AIN will be required to work overtime and late nights. In some situations, you may also have to work on weekends and holidays. It is an expectation that you may need to adjust to this kind of shift work to prevent yourself from burn out and exhaustion. As you will be often dealing with the elderly you may be dealing with residents / clients who are in bad moods, carrying negative thinking, poor memory and geriatric behaviour. They may also be patients who may be suffering from huge pain and loss. Therefore it is important to be compassionate, understanding and treat all with kindness and care. Additionally being an international students you may face a culture gap between Australia and your home country during your work.  Salary  The most common annual salary in Australia for an assistant in nursing is between 45k AUD and 55k AUD. Most hospitals and aged care facilities offer around 50k AUD for AIN as annual salary. The more experience you have, the higher salary will be.",
  "Become a registered nurse (RN) in Australia": "What is Registered Nurse in Australia? In Australia Registered nurses are in charge of primary health care in hospitals, aged care, community institutions and school settings. It is a job with a high level of expertise, responsibility and respect within the healthcare environment. Registered nurses are usually a character of a unit manager or team leader in a health care service team. Enrolled nurses and assistants in nursing often report to registered nurses when they are in training or are in need of supervision or support within their nursing role. Duties Observation and recording patients’ health care conditions and physical situations Giving medication to patients and providing them medical equipment relating with their health care outcomes Preparing patients for examinations Assisting in operations and providing post-operative preparations Special situation  Registered nurse are also in charge of communities and community events. They are usually responsible for health promotion, chronic disease management and prevention illness by providing care. They are always the best counsellors for health care in a community. This means that many RN face heavy workloads and are required to work with a high level of responsibility and diligence to meet patient needs.  Also, RNs may play different roles depending on what patients they will see and the setting of their works. Often they work with allied healthcare professionals and other clinical professionals such as doctors, surgeons, physiotherapists, specialty nurses and others to provide efficient healthcare to patients.  Job requirements  In Australia registered nurses need to have completed a Bachelor of Nursing and apply to AHPRA (Australian Health Practitioners Regulation Agency) to practice as a registered nurse. They also need to renew their registration annually to keep their qualification. The also need to work for a couple of years in a general capacity as a registered Nurse. During this experience, it is also important for nurses to decide which areas they wish to specialise in. Nurses may elect to work in any of the following clinical areas: burns, cardiology, cosmetic nursing, community, dialysis, education, emergency, family health, aged care, infection control, intensive care, management, medical nursing, mental health, neonatal intensive care, oncology, paediatrics, peri-operative, plastic surgery, rehabilitation, remote area nursing, research, rural nursing, school nursing, surgical nursing or wound management.  Student Visa Requirements  For international nurses you will also need to ensure you secure a student visa if you intend to study nursing in Australia. Therefore you will need to gain the following:  a valid passport for the duration of your study in Australia offer letter from the selected university/institution IELTS score 7 overall and no score below 6.5 in each of the component; or PTE score 65 or OET score B At least 1 year of paid or unpaid experience within the last five (5) years. * evidence of access to sufficient funds* evidence of Overseas Student Health Cover successfully completed at least year 12 AQF or Australian Qualifications Framework equivalent* all other relevant documents listed on the Department of Home Affairs visa checklists How to apply for Registered Nurse  You will firstly need to complete a Bachelor of Nursing for 3 years in Australia on a full-time capacity. Some schools and universities can provide fast-tracking which make you be able to complete the degree in 2 years, including clinical placements. Basically, you will study on campus, face to face, with some elements delivered online to pass all of your courses. Often there will be 840 hours of clinical experience via professional placements during your study in a range of health care settings.  If you cannot achieve the Bachelor degree initially, it is worthwhile considering completing a Diploma of Nursing as a pathway, prerequisite/ prior qualification prior to entering the Bachelor of Nursing. Commonly a Diploma of Nursing can be completed on a full-time basis and completed over 20 months. Diplomas are completed face to face on campus and contains 400 hours of unpaid clinical placement in a range of professional workplace settings in order to help students boost their practical skills. After achieving a Diploma of Nursing, students can become and apply to be an Enrolled Nurse first. This can then be a pathway to further nursing studies into a Bachelor of Nursing and progression to become a fully fledged registered nurse. The most important step for any registered nurse will of course be registering with the AHPRA (Australian Health Practitioners Regulation Agency) and meet the NMBA (Nursing and Midwifery Board of Australia)’s registration standard to work in Australia as a Registered Nurse.  For more details of requirements please visit this link:  www.nursingmidwiferyboard.gov.au/Registration-Standards.aspx Study to become a Registered Nurse in Australia as an international student  It is not secret that international students will face a lot of challenges and difficulty when they are trying to become a registered nurse in Australia. Beside the linguistic requirements of completing their IELTS test and meeting the minimal IELTS score, registered nurse also need to remember and use plenty of professional medical and clinical terminology during their work time. Also, they may experience different medical environments and requirements in Australia from their home countries. Therefore they need to adjust to these kinds of differences during their studying process of their Bachelor degrees.  Challenges  The work of a registered nurse can be quite different and mixed which depends on what kind of patients they are dealing with. Registered nurses often engage in shift work and are expected to work long periods of time. They may also need to work night shift or weekend work which can present social challenges if balancing work and family life. Sometimes more ambitious registered nurses may become a nursing leader, therefore with leadership comes a huge pressure and responsibility to make decisions relating with patients’ lives. Also, they may have to decide which field they wish to work in further while they are working. Therefore as professional development is an important element of the career of a registered nurse it can be expected that registered nurses will need to undertake ongoing study, short courses and inhouse education training to further their skills. Therefore an openness to learning would be expected. Additionally all registered nurses can expect to be challenged with various patients, team members and high pressure circumstances, therefore all actions should be taken with a high ethical and moral standard at all times. Patients and their welfare must always be made a priority and emotions sometimes need to be left at the door as a registered nurse.  Salary  The most common annual salary in Australia for registered nurses is generally between 65k AUD to 75k AUD. However if you train and specialize in other clinical fields, you can expect the salary to be higher in some employers and depending if you work in private or public healthcare organisations.",
  "Become an enrolled nurse (EN) in Australia": "What is an Enrolled Nurse? An enrolled nurse works under the direction and supervision of a registered nurse in order to provide health care to patients in any clinical setting. Enrolled nurses provide physical and emotional care to more complex duties such as giving medications. Enrolled nurse will often have a chance to work in different clinical specialities including medical, surgical, mental health, paediatrics, orthopaedics, rehabilitation, oncology, operating theatres, rural and remote, emergency and community health care settings. Also, they may be found in aged care settings. Duties Observing and recording patients’ vital statistics and reporting the changes in patients’ conditions and the data to Registered Nurses or doctors who are in charge Providing physical and emotional support to patients and their families Assisting with activities of daily living such as personal hygiene, bathing, dressing and feeding Special situation Enrolled nurses act as a helper and co-worker for registered nurses. They may directly or indirectly be supervised by registered nurses depending on their nature of the work and the clinical environment they are assigned. Enrolled nurses can also provide support to patients in aged care, welfare, communities and community events. Job requirements The minimum level of study required for an enrolled nurse in Australia is a Diploma of Nursing. It is currently open for people in society (not current students) who keep Certification III with relevant industry experience or a Certification IV or higher, too. Applicants should apply to the NMBA (Nursing and Midwifery Board of Australia) to work as an enrolled nurse in Australia. This certification should be renewed annually. How to apply for an enrolled nurse as an international student Students should complete the Diploma of Nursing first. A Diploma of Nursing is completed on a full-time basis and can be completed in 20 months. The courses are also completed face to face on campus and contain 400 hours of unpaid clinical placement in a range of professional workplace settings. After achieving a Diploma of Nursing, appliers can apply to become an Enrolled Nurse. This program is not based on the ATAR (Australian Tertiary Admissions Rank) but the requirements are set by the course providers. For more details please visit: http://www.nursingmidwiferyboard.gov.au/ Study to become an enrolled nurse in Australia as an international student The minimum requirement for an enrolled nurse is a diploma. In order to achieve a diploma, international students need to commit to linguistic accuracy when using clinical terminology. They must also commit to achieving high levels of English in order to be accepted as a nurse and to function well in the nursing and nursing study environment. After completing a Diploma of Nursing, students may either stay as an enrolled nurse for their career or combine working as an enrolled nurse and pursue further study to apply for a Bachelor’s degree in Nursing. This will help progress their skills and knowledge to become future registered nurse. Challenges Enrolled nurses must be prepared to be supervised and report to registered nurses. Therefore respect for authority is important. Enrolled nurses should also have a clear and possible plan for the future careers and understand that they will need to regularly update their skills and knowledge in order to stay relevant and update to nursing trends, nursing environment expectations and to ensure they provision quality nursing care. Salary The most common annual salary in Australia for an enrolled nurse is between 55k AUD to 65k AUD.",
  "Interview training for nurses": "At Exceptional Study Australia we offer one on one interview training for nurses that have achieved an interview in a hospital, nursing agency or other healthcare organisation. Our one off session will last normally around 1.5 hours and can be conducted from the comfort of your home online. Using Skype, we can run a mock interview based on the job you have applied for to help you prepare from start to finish of your interview. As experienced recruiters we will take the role of an interviewer, recruiter or human resource manager, develop a set of interview questions and ask you to consider and respond to appropriate selection criteria or competencies. You will have asked a series of questions to demonstrate that your skills and abilities relate to standards or abilities your employer would be expected to ask you on the day of your actual interview. These questions may include behaviour-based questions and hypothetical questions. The purpose of the interview is to validate and build on the answers you have given in your written application. The questions we will ask in interviews will be based on the same criteria as the health care organization you are interviewing for. As nursing positions have very strict requirements for professional knowledge, we will ask you to demonstrate your knowledge, provide plenty of examples and test your confidence as a nurse. Our goal is to help you as a nurse to succeed in your nursing job interview and be able to answer any question in a calm, strong and confident manner. We will also cover: What hiring managers and recruiters are looking for from candidates Confidence and nerve control techniques How to make a great first impression Structuring confident answers Dealing with panel interviews The types of questions you may be asked Rapport building techniques Interview do’s and don’ts We will also send you a list of interview skills to help you prepare before your nursing interview big day! Overall we want our nurses to be successful in any interview.",
  "Study Nursing in Australia": "Are you an international student interested in studying Nursing in Australia? With job growth constantly increasing, the Australian Nursing industry is always looking for more nurses. You also have multiple nursing specialties to choose from depending on your interests. For starters, you have options to eventually become a Registered Nurse (RN), an Enrolled Nurse, a Medication Endorsed Enrolled Nurse (EEN), or a midwife. Nurses are highly sought after internationally and especially in Australia. In recent years, Australia has declared that more nurses are requested because of a shortage nationwide. This means the chances of landing a job are very high after graduating.   ​Because of this high demand in Nursing, the Nurse Practitioner, Registered Nurse (Aged Care, and Medical Practice) occupations are almost always listed in government employment lists, including:  Skilled Occupations List (SOL) Consolidated Sponsored Occupations List (CSOL) The Australian Nursing and Midwifery Council (ANMAC) or similar authority has to conduct visa checks on all international students before any employment or migration procedures can be approved. These checks are normally straightforward, so you can still be excited for your future Nursing career in Australia  Available Nursing Courses Nursing occupations have differing levels of authority and responsibility. For example, Registered Nurses commonly supervise and watch over Enrolled Nurses. A Registered Nurse has more power and authority than an Enrolled Nurse. An EEN is an Enrolled Nurse with the added training of being able to administer medication. Below are some examples of courses that can lead you to some of these Nursing occupations just mentioned.  Diploma of Nursing The most basic nursing course which can help you become an Enrolled Nurse in only 12 to 18 months. You will gain experience in a number of Nursing locations and facilities, all under the supervision of a Registered Nurse. If you complete a Diploma of Nursing, you can then fast track a Bachelor of Nursing degree using credits received from your Diploma.  Diploma of Nursing Course Length:  1.5 to 2 years to complete this course  Eligibility Requirements:  Academic: Completion of Year 12 or Overseas Equivalent English: Academic IELTS score of 7 overall with no band lower than 7 or equivalent (Different institutions may have slightly differing IELTS requirements).  Bachelor of Nursing A Bachelor of Nursing is the most popular Nursing degree and can prepare you for a wide and varied range of Nursing occupations. Subject examples include legal and professional issues in healthcare, health assessments, physiology, and safety in healthcare.  Bachelor of Nursing Course Length  3 years full time or equivalent part-time to complete this course.  Bachelor of Nursing Eligibility Requirements  Academic: Completion of Year 12 or equivalent study overseas English: Academic IELTS score of 7.0 overall with no band lower than 6.5 or equivalent (Different institutions may have sifntly different IELTS requirements)  Master of Nursing Further builds on and consolidates knowledge learned in a Bachelor of Nursing degree. This provides further and extensive experience with working with other healthcare workers such as doctors, nurses, and medical receptionists. A Master of Nursing also helps further develop your leadership skills, ability to empathise, and also generally be more confident in your nursing abilities.  Master of Nursing Course Length  2 years of full-time or four years of part-time study to complete this course  Eligibility Requirements  Academic: Completion of relevant Bachelor degree or equivalent English: Academic IELTS score of 7.0 with no band lower than 7.0 or equivalent (Different institutions may have slightly differing IELTS requirements).  The Internationally Qualified Nurse (IQN) Program is a bridging visa for all students wanting to study in Australia who have already completed a relevant Nursing degree overseas. This course is necessary for international students as it is overseen by the Nursing and Midwifery Board of Australia, and is vital in making international students feel more comfortable and confident about working as a Nurse in Australia  Nursing FAQs (Frequently Asked Questions) What is Nursing? Nursing is a profession in the healthcare industry that focuses on providing different types of care to vulnerable, injured, old, and/or disabled people in the country. Even healthy people would likely need a Nurse at least once in their life, such as for even a minor hospital procedure. While Nurses are similar to doctors, Nurses focus more on encouraging the healing of patients by physically supporting them through tasks they may not be able to do themselves. Nursing has a stronger focus on empathy and doctors have a stronger focus on supporting their prescriptions or treatment plans with scientific research. Nursing is a good choice for people who like to spend their time helping people in need, as this can greatly improve the quality of life for anyone requiring frequent or daily help.  Nurses also have flexible choices when it comes to settings they can work in, such as aged care homes, hospitals, specialist clinics, prisons, homes, and general practices.  Why is Australia so popular for Nursing courses? Australia is a very safe country with a number of prestigious universities. Our Nursing courses and programs have been developed and refined through decades of developments in both nursing and society in general. Australia has one of the best healthcare systems in the world, providing affordable public and private health treatments for almost all who live here.  Due to this fact that Australia’s healthcare system is quite advanced, more nurses are needed to sustain this view of our healthcare being so highly regarded. To encourage more Australians and especially internationally students to study Nursing, most Nursing occupations can be found in the Skilled Occupations List. Migration options for international students such as Permanent Residency can be fast-tracked and is generally a much easier process for those who study a Nursing course in Australia. This is one of the main reasons Nursing is so popular among international students studying in Australia.  The Bridging Program for Nurses is another incentive for previously experienced international nurses to continue their Nursing career but by moving to Australia. These bridging programs generally last only 3-6 months and can help international Nurses feel confident about working as a Nurse in Australia, where procedures may be different compared to their home country. This can include differences such as general Nursing conduct, legal responsibilities, safety issues, and the English language level required to be competent as a Nurse in Australia.  Most international students are legally allowed to work a maximum of 20 hours per week, and this is generally plenty for those who are trying to settle into life and work in Australia.  Lastly, a general but major reason why Australia attracts so many international students is due to our unique culture, environments, and lifestyle. Australia typically has a very relaxed feel and atmosphere. We have beautiful beaches, bustling cities, snowy mounts, and everything in between. Also, most of the major cities have great weather for the majority of the year.  What are the typical entry requirements for Nursing courses in Australia? Here are some of the most important requirements for international students to receive a student visa so they can study in Australia.  A valid passport for the entire length of your study in Australia An offer letter from the university or institution you hope to study at in Australia IELTS score 7 overall or OET B. These requirements can be slightly lower or higher depending on where exactly you want to study. Proof that you can afford to pay for your course in Australia Evidence of Australian Student Health Insurance successfully completed a secondary school qualification equivalent to Australian Year 12. Please contact us if you have more specific questions about course requirements or are unsure of your current eligibility.  Recognition of Prior Learning and Credits  If you have studied Nursing or a similar degree in another country, it is possible that you may be eligible for credit for the Nursing course you want to study in Australia. If this is true for you, then you may be able to complete a Nursing course sooner than expected and can also reduce course costs.",

  "Graduate resumes": "Being a new university graduate or RTO college graduate is an exciting yet daunting experience for many students as it is the start of a new life and a new career. Every year thousands of Australian and international students complete a certificate, diploma, advanced diploma, bachelor’s degree, master’s degree or PHD at university, TAFE or an RTO college with the hope of achieving their ideal career or first job. However, the truth is, it is getting more and more competitive to achieve a full-time, part-time or graduate program position either in Australia or overseas. Recruiters require more than just a qualification. Therefore, at Exceptional Study Australia we specialise in writing employment applications for new university graduates. Our team of resume writers are professionals in writing professional resumes to capture students in a detailed, honest and well written manner in order to showcase their education background, their skills, their employment experience and every other important attribute they bring as a new graduate. We specialise in creating employment applications for any of the following groups of graduate students who are applying for an official graduate program, full-time, part-time, contractual or casual position after graduation.  Business graduates Marketing graduates Accounting graduates Commerce graduates Law graduates Building and construction graduates Engineering and architecture graduates Medicine graduates Dentistry graduates Pharmacy graduates Psychology graduates Social work graduates Counselling graduates",
  "Selection criteria and suitability statements for graduates": "As our resume writers have all completed both a university degree and VET sector qualification and hold experience in recruiting, we understand exactly what recruiters are seeking in a new graduate. At Exceptional Study Australia it is our goal as resume writers to effectively frame you as a student jobseeker to give you the greatest competitive advantage. For both Australian and international jobseekers who are applying for any advertised and non-advertised graduate jobs, graduate programs or entry-level roles, we offer the following professional job application services:  Resumes Cover letters Answers to selection criteria Answers to government suitability statements LinkedIn profiles,",
  "LinkedIn profiles for graduates": "At Exceptional Study Australia we can develop your professional LinkedIn profile as graduate students. As the world’s most comprehensive professional network, LinkedIn features more than 200 million members from around the globe comprising of jobseekers, recruiters and businesses in all different industries. To a professional candidate, a properly decorated and written LinkedIn profile can help you create your brand and effectively position yourself for a professional position. Exceptional Study Australia provides a professional team to complete LinkedIn profile writing services. Including but not limited to writing personal profiled, career goals, work experience and any awards in your life. Each professional writer of our team plays a different role. We provide a keyword-optimized profile service. Our goal is to develop a comprehensive profile for our jobseekers, achieve a higher ranking on the LinkedIn platform, differentiate our customers from our competitors, and increase our jobseekers’ overall visibility to recruiters and potential employers online.",
  "Interview training for graduates": "At Exceptional Study Australia we offer one on one interview training for graduate students that have achieved an interview in any business with any position. Our one off session will last normally around 1.5 hours and can be conducted from the comfort of your home online. Using Skype, we can run a mock interview based on the job you have applied for to help you prepare from start to finish of your interview. As experienced recruiters we will take the role of an interviewer, recruiter or human resource manager, develop a set of interview questions and ask you to consider and respond to appropriate selection criteria or competencies. You will have asked a series of questions to demonstrate that your skills and abilities relate to standards or abilities your employer would be expected to ask you on the day of your actual interview. These questions may include behaviour-based questions and hypothetical questions. The purpose of the interview is to validate and build on the answers you have given in your written application. The questions we will ask in interviews will be based on the same criteria as the health care organization you are interviewing for. As graduate students, it may have very strict requirements for some basic knowledge. Therefore we will ask you to demonstrate your knowledge, provide plenty of examples and test your confidence which we believe may be suitable for the position you are interviewing for. Our goal is to help you to succeed in your job interview and be able to answer any question in a calm, strong and confident manner.  We will also cover:  What hiring managers and recruiters are looking for from candidates Confidence and nerve control techniques How to make a great first impression? Structuring confident answers Dealing with panel interviews The types of questions you may be asked Rapport building techniques Interview do’s and don’ts We will also send you a list of interview skills to help you prepare before your interview big day! Overall we want our graduates to be successful in any interview."
}
